Dataset,IOU Accuracy
1.0,0.7561999294492934
2.0,0.6855578025182089
3.0,0.6722096138530307
4.0,0.7056430962350634
5.0,0.6727960268656413
6.0,0.6675294968816969
7.0,0.6938898258739048
9.0,0.6735024909178416
8.0,0.7180931011835734
10.0,0.8243153982692295
