Dataset,IOU Accuracy
1.0,0.8209035003185272
2.0,0.7955083441734314
3.0,0.6706385070085525
4.0,0.7688719236850738
5.0,0.6571202099323272
6.0,0.6387254112958908
7.0,0.7289873349666596
8.0,0.7934822750091552
9.0,0.6169380366802215
10.0,0.8794764232635498
