Dataset,IOU Accuracy
1.0,0.6218347211678823
2.0,0.6073608391814762
3.0,0.6106690042548709
4.0,0.6223907755480872
5.0,0.4524639983971913
6.0,0.275388616323471
7.0,0.4283995833661821
8.0,0.6706955048773023
9.0,0.4993112325668335
10.0,0.8144652035501269
