Dataset,IOU Accuracy
1.0,0.7842193338606093
2.0,0.6955025540457831
3.0,0.6865549789534675
4.0,0.7077618022759755
5.0,0.6955986632241143
6.0,0.6812315556738112
7.0,0.6565270437134637
8.0,0.7120972275733948
9.0,0.679566744963328
10.0,0.8284670737054612