Dataset,IOU Accuracy
1.0,0.7616473224427965
2.0,0.701235908932156
3.0,0.6871319664849176
4.0,0.6700158384111192
5.0,0.6963143136766222
6.0,0.6751544303364224
7.0,0.696333360671997
8.0,0.7246361811955769
9.0,0.6858957356876797
10.0,0.7974422004487779
