Dataset,IOU Accuracy
1.0,0.8797705323696137
2.0,0.8290306028127671
3.0,0.7697962418794632
4.0,0.8119383183717728
5.0,0.7605189783573151
6.0,0.7672188776135445
7.0,0.7870225355625152
8.0,0.8109724677801132
9.0,0.7194948356747627
10.0,0.9057549004554748
