Dataset,IOU Accuracy
1.0,0.824247043132782
2.0,0.7718707776069641
3.0,0.6903431344032288
4.0,0.7826154565811158
5.0,0.686006566286087
6.0,0.6545787423849105
7.0,0.7118356007337571
8.0,0.8040276396274567
9.0,0.6074503815174103
10.0,0.856611647605896
