Dataset,IOU Accuracy
1.0,0.8257618016666837
2.0,0.7329468978775873
3.0,0.6972418056594001
4.0,0.7232204741901822
5.0,0.6931661499871148
6.0,0.6838856425550249
7.0,0.6944884094927046
8.0,0.7359385954009162
9.0,0.6827061421341366
10.0,0.8699327720536126
7.0,0.6949032068252563
