Dataset,IOU Accuracy
1.0,0.8855445326566697
2.0,0.8198199282884597
3.0,0.7794726250171662
4.0,0.8190119279623032
5.0,0.7348765757679939
6.0,0.75891954267025
7.0,0.8016269309520722
8.0,0.8381050682067871
9.0,0.7077031860351563
10.0,0.8904833734035492
