Dataset,IOU Accuracy
1.0,0.8892289521694183
2.0,0.8506157341003417
3.0,0.7840018219947815
4.0,0.8166774442195892
5.0,0.7883812988996506
6.0,0.774975589632988
7.0,0.8148856849670411
8.0,0.8436682426929474
9.0,0.7281248182058334
10.0,0.8895447528362275
