Dataset,IOU Accuracy
1.0,0.8178770436180962
2.0,0.7290650261773004
3.0,0.6950611061520047
4.0,0.7276143855518765
5.0,0.7016799926757813
6.0,0.687338818444146
7.0,0.7035446776284112
8.0,0.7453361882103814
9.0,0.6742987725469801
10.0,0.8485091262393527
