Dataset,IOU Accuracy
1.0,0.8540737196207047
2.0,0.7973474883437157
3.0,0.7262386779785156
4.0,0.7922906473875045
5.0,0.7517094467878341
6.0,0.7591891281604767
7.0,0.7757994048595428
8.0,0.8111634554862976
9.0,0.7485011104345322
10.0,0.9013828352689744

