Dataset,IOU Accuracy
1.0,0.8064923954010009
2.0,0.8075412631034851
3.0,0.6415737062692642
4.0,0.787482545375824
5.0,0.7101416963338852
6.0,0.70051016330719
7.0,0.7667778968811035
8.0,0.8230185842514038
9.0,0.6415810960531235
10.0,0.8640417098999024
