Dataset,IOU Accuracy
1.0,0.8814939322471619
2.0,0.8358806656599045
3.0,0.7604580550193787
4.0,0.8025250571966172
5.0,0.770650593996048
6.0,0.7624130147099495
7.0,0.8053455419540405
8.0,0.8303462508916855
9.0,0.7574148279428482
10.0,0.890913284778595
