Dataset,IOU Accuracy
1.0,0.7713576674461364
2.0,0.7060069825914171
3.0,0.6858766436576843
4.0,0.7137242237726847
5.0,0.6883709993627336
6.0,0.6895453227890862
7.0,0.7049662735727098
8.0,0.7186877303653293
9.0,0.681566533115175
10.0,0.8249042365286086
