Dataset,IOU Accuracy
1.0,0.8204292690753937
2.0,0.8102197647094727
3.0,0.696120108962059
4.0,0.7752311944961547
5.0,0.6752433305978776
6.0,0.683557186126709
7.0,0.7694997572898865
8.0,0.802022339105606
9.0,0.6331004816293716
10.0,0.8900139498710632
