Dataset,IOU Accuracy
1.0,0.8051739656925201
2.0,0.7862594044208526
3.0,0.6726068878173828
4.0,0.7435364651679993
5.0,0.6157348001003266
6.0,0.6485875183343888
7.0,0.737145620584488
8.0,0.7966331779956818
9.0,0.6163679361343384
10.0,0.8806845152378082
