Dataset,IOU Accuracy
1.0,0.7635817156897651
2.0,0.7032109035385979
3.0,0.6881225069363912
4.0,0.7129281918207805
5.0,0.6903793374697368
6.0,0.68211533692148
7.0,0.7002223677105374
8.0,0.7177049199740092
9.0,0.68776007493337
10.0,0.8389825344085693
