Dataset,IOU Accuracy
1.0,0.873846146941185
2.0,0.8294157385826111
3.0,0.7516516040563583
5.0,0.7667530834674835
4.0,0.8010698353052139
7.0,0.7226388342380524
6.0,0.7555879462957382
8.0,0.8270755548477173
9.0,0.7202131487727165
10.0,0.8974874386787415
