Dataset,IOU Accuracy
2.0,0.7952143752574921
1.0,0.8080895793437958
3.0,0.6247080147266388
4.0,0.7498783719539642
5.0,0.6409500980377197
6.0,0.6230371862649917
7.0,0.7325398743152618
8.0,0.7301903867721558
9.0,0.6151471638679504
10.0,0.855065199136734
