Dataset,IOU Accuracy
10.0,0.849664257331328
1.0,0.8277209130200472
2.0,0.7452095015482469
3.0,0.6966224258596246
4.0,0.7214830192652616
5.0,0.6934076032855294
6.0,0.6840403919870203
7.0,0.692640716379339
8.0,0.7368761734528975
9.0,0.6800639927387238
