Dataset,IOU Accuracy
1.0,0.6107845441861586
10.0,0.6172784783623435
2.0,0.6083762428977273
3.0,0.6085427024147727
4.0,0.6111616654829546
