Dataset,IOU Accuracy
1.0,0.8426862740516663
2.0,0.8078030860424041
3.0,0.7145293843746185
4.0,0.7804018080234527
5.0,0.7046339201927185
6.0,0.6377008533477784
7.0,0.7584222996234894
8.0,0.8112346637248993
9.0,0.5227282398939133
10.0,0.8835949289798737
