Dataset,IOU Accuracy
4.0,0.8215595299005508
5.0,0.7686667271256447
2.0,0.8291064441204071
7.0,0.7964957613348961
1.0,0.8887298705577851
3.0,0.7813665848374367
6.0,0.7726938893198967
8.0,0.8367609142065048
9.0,0.7228585678339005
10.0,0.9088636312484741
