IMC1,autocorrelation,ASM,IDM,MCC,correlation,entropy,diff_entropy,IMC2,sum_average,contrast,variance,sum_entropy
0.0007561679242387995,0.023748234624292878,0.07456903690111086,0.220406601709408,0.25058213074372365,0.3134374687470775,1.089191985535262,1.6058515923126446,2.469018335145766,141.28128446331482,895.2310570197883,1598.9408108500697,7029.832791953311
