IMC1,autocorrelation,ASM,IDM,MCC,correlation,entropy,diff_entropy,IMC2,sum_average,contrast,variance,sum_entropy
0.0006060612094345547,0.025866337071752375,0.15945177707082703,0.1614618428849492,0.21240876248584678,0.2790866070124097,1.7384162172972832,2.003627440163604,2.067695438642684,142.45115681597068,934.6784013074214,1346.0747499746806,5973.009118878262
