Dataset,IOU Accuracy
1.0,0.8421269571781158
2.0,0.8276237308979034
3.0,0.7352375245094299
4.0,0.8029297959804534
5.0,0.7123655354976655
6.0,0.6647265243530274
7.0,0.7789571177959442
8.0,0.8166626262664795
9.0,0.5884459030628204
10.0,0.882286605834961
