Dataset,IOU Accuracy
1.0,0.8699878414869309
2.0,0.806443363904953
6.0,0.7643808351159096
4.0,0.8108923884630204
9.0,0.7541672070026397
3.0,0.767058099925518
5.0,0.7577668108940124
7.0,0.8012928233146668
8.0,0.8059661335349083
10.0,0.8939805800914764
